{
  "best_epoch": 7,
  "peak_worker_0_memory_MB": 4389.59375,
  "peak_gpu_0_memory_MB": 28677.00830078125,
  "training_duration": "0:16:23.189288",
  "epoch": 12,
  "training_acc": 0.9817475071826939,
  "training_PHYS_Located-precision": 0.982758641242981,
  "training_ORG-AFF_Employment-precision": 0.9860140085220337,
  "training_PART-WHOLE_Geographical-precision": 0.9876733422279358,
  "training_ART_User-Owner-Inventor-Manufacturer-precision": 0.989830493927002,
  "training_PER-SOC_Family-precision": 0.9959431886672974,
  "training_GEN-AFF_Citizen-Resident-Religion-Ethnicity-precision": 0.9619450569152832,
  "training_ORG-AFF_Membership-precision": 0.9713375568389893,
  "training_PART-WHOLE_Subsidiary-precision": 0.9826839566230774,
  "training_PER-SOC_Business-precision": 0.9726027250289917,
  "training_GEN-AFF_Org-Location-precision": 0.9758453965187073,
  "training_PHYS_Near-precision": 0.954023003578186,
  "training_PER-SOC_Lasting-Personal-precision": 0.9892473220825195,
  "training_ORG-AFF_Sports-Affiliation-precision": 0.9722222089767456,
  "training_ORG-AFF_Investor-Shareholder-precision": 1.0,
  "training_ORG-AFF_Ownership-precision": 0.970588207244873,
  "training_ORG-AFF_Founder-precision": 0.9090909361839294,
  "training_ORG-AFF_Student-Alum-precision": 1.0,
  "training_PART-WHOLE_Artifact-precision": 1.0,
  "training_PHYS_Located-recall": 0.9793814420700073,
  "training_ORG-AFF_Employment-recall": 0.9877408146858215,
  "training_PART-WHOLE_Geographical-recall": 0.9846389889717102,
  "training_ART_User-Owner-Inventor-Manufacturer-recall": 0.9915110468864441,
  "training_PER-SOC_Family-recall": 0.9939271211624146,
  "training_GEN-AFF_Citizen-Resident-Religion-Ethnicity-recall": 0.9701492786407471,
  "training_ORG-AFF_Membership-recall": 0.97444087266922,
  "training_PART-WHOLE_Subsidiary-recall": 0.9700854420661926,
  "training_PER-SOC_Business-recall": 0.981566846370697,
  "training_GEN-AFF_Org-Location-recall": 0.9711538553237915,
  "training_PHYS_Near-recall": 0.9651162624359131,
  "training_PER-SOC_Lasting-Personal-recall": 0.9892473220825195,
  "training_ORG-AFF_Sports-Affiliation-recall": 0.9722222089767456,
  "training_ORG-AFF_Investor-Shareholder-recall": 1.0,
  "training_ORG-AFF_Ownership-recall": 0.9428571462631226,
  "training_ORG-AFF_Founder-recall": 0.9677419066429138,
  "training_ORG-AFF_Student-Alum-recall": 1.0,
  "training_PART-WHOLE_Artifact-recall": 0.8461538553237915,
  "training_PHYS_Located-fscore": 0.9810671210289001,
  "training_ORG-AFF_Employment-fscore": 0.9868766665458679,
  "training_PART-WHOLE_Geographical-fscore": 0.9861538410186768,
  "training_ART_User-Owner-Inventor-Manufacturer-fscore": 0.9906700253486633,
  "training_PER-SOC_Family-fscore": 0.9949341416358948,
  "training_GEN-AFF_Citizen-Resident-Religion-Ethnicity-fscore": 0.966029703617096,
  "training_ORG-AFF_Membership-fscore": 0.9728868007659912,
  "training_PART-WHOLE_Subsidiary-fscore": 0.976344108581543,
  "training_PER-SOC_Business-fscore": 0.9770642518997192,
  "training_GEN-AFF_Org-Location-fscore": 0.9734939336776733,
  "training_PHYS_Near-fscore": 0.9595375657081604,
  "training_PER-SOC_Lasting-Personal-fscore": 0.9892473220825195,
  "training_ORG-AFF_Sports-Affiliation-fscore": 0.9722222089767456,
  "training_ORG-AFF_Investor-Shareholder-fscore": 1.0,
  "training_ORG-AFF_Ownership-fscore": 0.95652174949646,
  "training_ORG-AFF_Founder-fscore": 0.9375,
  "training_ORG-AFF_Student-Alum-fscore": 1.0,
  "training_PART-WHOLE_Artifact-fscore": 0.9166666865348816,
  "training_f1-macro-overall": 0.9745732700383222,
  "training_f1-micro-overall": 0.9817475080490112,
  "training_loss": 0.05668939061941126,
  "training_worker_0_memory_MB": 4389.59375,
  "training_gpu_0_memory_MB": 28677.00830078125,
  "validation_acc": 0.8248995983935743,
  "validation_PHYS_Located-precision": 0.92277991771698,
  "validation_ORG-AFF_Employment-precision": 0.8395522236824036,
  "validation_PART-WHOLE_Geographical-precision": 0.9134615659713745,
  "validation_ART_User-Owner-Inventor-Manufacturer-precision": 0.9122806787490845,
  "validation_PER-SOC_Family-precision": 0.9487179517745972,
  "validation_GEN-AFF_Citizen-Resident-Religion-Ethnicity-precision": 0.6864407062530518,
  "validation_ORG-AFF_Membership-precision": 0.5230769515037537,
  "validation_PART-WHOLE_Subsidiary-precision": 0.7555555701255798,
  "validation_PER-SOC_Business-precision": 0.7560975551605225,
  "validation_GEN-AFF_Org-Location-precision": 0.6326530575752258,
  "validation_PHYS_Near-precision": 0.7142857313156128,
  "validation_PER-SOC_Lasting-Personal-precision": 0.8235294222831726,
  "validation_ORG-AFF_Sports-Affiliation-precision": 0.7368420958518982,
  "validation_ORG-AFF_Investor-Shareholder-precision": 0.8571428656578064,
  "validation_ORG-AFF_Ownership-precision": 0.625,
  "validation_ORG-AFF_Founder-precision": 0.8571428656578064,
  "validation_ORG-AFF_Student-Alum-precision": 0.75,
  "validation_PART-WHOLE_Artifact-precision": 1.0,
  "validation_PHYS_Located-recall": 0.8690909147262573,
  "validation_ORG-AFF_Employment-recall": 0.8152173757553101,
  "validation_PART-WHOLE_Geographical-recall": 0.8636363744735718,
  "validation_ART_User-Owner-Inventor-Manufacturer-recall": 0.9541284441947937,
  "validation_PER-SOC_Family-recall": 0.9736841917037964,
  "validation_GEN-AFF_Citizen-Resident-Religion-Ethnicity-recall": 0.7788461446762085,
  "validation_ORG-AFF_Membership-recall": 0.5964912176132202,
  "validation_PART-WHOLE_Subsidiary-recall": 0.7234042286872864,
  "validation_PER-SOC_Business-recall": 0.7209302186965942,
  "validation_GEN-AFF_Org-Location-recall": 0.8611111044883728,
  "validation_PHYS_Near-recall": 0.6578947305679321,
  "validation_PER-SOC_Lasting-Personal-recall": 0.7777777910232544,
  "validation_ORG-AFF_Sports-Affiliation-recall": 0.7777777910232544,
  "validation_ORG-AFF_Investor-Shareholder-recall": 0.6666666865348816,
  "validation_ORG-AFF_Ownership-recall": 0.5,
  "validation_ORG-AFF_Founder-recall": 1.0,
  "validation_ORG-AFF_Student-Alum-recall": 0.75,
  "validation_PART-WHOLE_Artifact-recall": 0.6000000238418579,
  "validation_PHYS_Located-fscore": 0.8951311111450195,
  "validation_ORG-AFF_Employment-fscore": 0.8272058367729187,
  "validation_PART-WHOLE_Geographical-fscore": 0.8878505229949951,
  "validation_ART_User-Owner-Inventor-Manufacturer-fscore": 0.9327355027198792,
  "validation_PER-SOC_Family-fscore": 0.9610389471054077,
  "validation_GEN-AFF_Citizen-Resident-Religion-Ethnicity-fscore": 0.7297297120094299,
  "validation_ORG-AFF_Membership-fscore": 0.5573770403862,
  "validation_PART-WHOLE_Subsidiary-fscore": 0.739130437374115,
  "validation_PER-SOC_Business-fscore": 0.7380952835083008,
  "validation_GEN-AFF_Org-Location-fscore": 0.7294117212295532,
  "validation_PHYS_Near-fscore": 0.6849315166473389,
  "validation_PER-SOC_Lasting-Personal-fscore": 0.8000000715255737,
  "validation_ORG-AFF_Sports-Affiliation-fscore": 0.7567567825317383,
  "validation_ORG-AFF_Investor-Shareholder-fscore": 0.75,
  "validation_ORG-AFF_Ownership-fscore": 0.5555555820465088,
  "validation_ORG-AFF_Founder-fscore": 0.9230769276618958,
  "validation_ORG-AFF_Student-Alum-fscore": 0.75,
  "validation_PART-WHOLE_Artifact-fscore": 0.75,
  "validation_f1-macro-overall": 0.7798008035730433,
  "validation_f1-micro-overall": 0.8248996138572693,
  "validation_loss": 0.7673479956694138,
  "best_validation_acc": 0.8465863453815261,
  "best_validation_PHYS_Located-precision": 0.8771331310272217,
  "best_validation_ORG-AFF_Employment-precision": 0.8419243693351746,
  "best_validation_PART-WHOLE_Geographical-precision": 0.9583333134651184,
  "best_validation_ART_User-Owner-Inventor-Manufacturer-precision": 0.9363636374473572,
  "best_validation_PER-SOC_Family-precision": 0.9487179517745972,
  "best_validation_GEN-AFF_Citizen-Resident-Religion-Ethnicity-precision": 0.7669903039932251,
  "best_validation_ORG-AFF_Membership-precision": 0.6200000047683716,